<?xml version="1.0"?>
<opencv_storage>
<cascade>
  <stageType>BOOST</stageType>
  <featureType>HAAR</featureType>
  <height>10</height>
  <width>10</width>
  <stageParams>
    <boostType>GAB</boostType>
    <minHitRate>9.9900001287460327e-01</minHitRate>
    <maxFalseAlarm>4.0000000596046448e-01</maxFalseAlarm>
    <weightTrimRate>9.4999999999999996e-01</weightTrimRate>
    <maxDepth>1</maxDepth>
    <maxWeakCount>100</maxWeakCount></stageParams>
  <featureParams>
    <maxCatCount>0</maxCatCount>
    <featSize>1</featSize>
    <mode>BASIC</mode></featureParams>
  <stageNum>11</stageNum>
  <stages>
    <!-- stage 0 -->
    <_>
      <maxWeakCount>1</maxWeakCount>
      <stageThreshold>8.9753317832946777e-01</stageThreshold>
      <weakClassifiers>
        <_>
          <internalNodes>
            0 -1 15 -1.5807691216468811e-01</internalNodes>
          <leafValues>
            -1. 8.9753317832946777e-01</leafValues></_></weakClassifiers></_>
    <!-- stage 1 -->
    <_>
      <maxWeakCount>2</maxWeakCount>
      <stageThreshold>-5.4555591195821762e-02</stageThreshold>
      <weakClassifiers>
        <_>
          <internalNodes>
            0 -1 48 1.0782792232930660e-02</internalNodes>
          <leafValues>
            -9.9597990512847900e-01 9.7227722406387329e-01</leafValues></_>
        <_>
          <internalNodes>
            0 -1 2 1.3126388192176819e-01</internalNodes>
          <leafValues>
            -9.8909682035446167e-01 9.4142431020736694e-01</leafValues></_></weakClassifiers></_>
    <!-- stage 2 -->
    <_>
      <maxWeakCount>3</maxWeakCount>
      <stageThreshold>-1.2851344347000122e+00</stageThreshold>
      <weakClassifiers>
        <_>
          <internalNodes>
            0 -1 42 -1.4037489891052246e-01</internalNodes>
          <leafValues>
            7.5587701797485352e-01 -9.6937698125839233e-01</leafValues></_>
        <_>
          <internalNodes>
            0 -1 34 -1.6401723027229309e-02</internalNodes>
          <leafValues>
            8.4253913164138794e-01 -8.9841306209564209e-01</leafValues></_>
        <_>
          <internalNodes>
            0 -1 3 1.9495714455842972e-02</internalNodes>
          <leafValues>
            -9.5495223999023438e-01 5.8265566825866699e-01</leafValues></_></weakClassifiers></_>
    <!-- stage 3 -->
    <_>
      <maxWeakCount>5</maxWeakCount>
      <stageThreshold>-1.5955212116241455e+00</stageThreshold>
      <weakClassifiers>
        <_>
          <internalNodes>
            0 -1 40 1.7099900171160698e-02</internalNodes>
          <leafValues>
            -8.4405064582824707e-01 6.5073168277740479e-01</leafValues></_>
        <_>
          <internalNodes>
            0 -1 43 -1.3321055471897125e-01</internalNodes>
          <leafValues>
            5.2288228273391724e-01 -9.5457887649536133e-01</leafValues></_>
        <_>
          <internalNodes>
            0 -1 5 1.5498843789100647e-01</internalNodes>
          <leafValues>
            -9.1749805212020874e-01 4.4578555226325989e-01</leafValues></_>
        <_>
          <internalNodes>
            0 -1 29 7.3217023164033890e-03</internalNodes>
          <leafValues>
            -7.2491669654846191e-01 5.5939781665802002e-01</leafValues></_>
        <_>
          <internalNodes>
            0 -1 50 -1.8348776502534747e-03</internalNodes>
          <leafValues>
            4.8223945498466492e-01 -8.6645591259002686e-01</leafValues></_></weakClassifiers></_>
    <!-- stage 4 -->
    <_>
      <maxWeakCount>4</maxWeakCount>
      <stageThreshold>-1.9552853107452393e+00</stageThreshold>
      <weakClassifiers>
        <_>
          <internalNodes>
            0 -1 23 -1.7189994454383850e-02</internalNodes>
          <leafValues>
            4.2101043462753296e-01 -8.6993724107742310e-01</leafValues></_>
        <_>
          <internalNodes>
            0 -1 20 -2.2653922438621521e-01</internalNodes>
          <leafValues>
            3.8539004325866699e-01 -9.6528387069702148e-01</leafValues></_>
        <_>
          <internalNodes>
            0 -1 18 3.5533461719751358e-02</internalNodes>
          <leafValues>
            -7.6054865121841431e-01 4.6931445598602295e-01</leafValues></_>
        <_>
          <internalNodes>
            0 -1 26 -1.5349116176366806e-02</internalNodes>
          <leafValues>
            4.6765953302383423e-01 -7.1018940210342407e-01</leafValues></_></weakClassifiers></_>
    <!-- stage 5 -->
    <_>
      <maxWeakCount>9</maxWeakCount>
      <stageThreshold>-2.2704756259918213e+00</stageThreshold>
      <weakClassifiers>
        <_>
          <internalNodes>
            0 -1 10 7.9391300678253174e-02</internalNodes>
          <leafValues>
            -8.4835821390151978e-01 3.1773585081100464e-01</leafValues></_>
        <_>
          <internalNodes>
            0 -1 36 7.3385089635848999e-03</internalNodes>
          <leafValues>
            -7.8999727964401245e-01 3.0850619077682495e-01</leafValues></_>
        <_>
          <internalNodes>
            0 -1 14 -2.7829045429825783e-02</internalNodes>
          <leafValues>
            4.4598788022994995e-01 -7.1219384670257568e-01</leafValues></_>
        <_>
          <internalNodes>
            0 -1 7 4.4896848499774933e-02</internalNodes>
          <leafValues>
            -8.1479972600936890e-01 3.6010101437568665e-01</leafValues></_>
        <_>
          <internalNodes>
            0 -1 51 -1.1640679091215134e-02</internalNodes>
          <leafValues>
            5.8817559480667114e-01 -6.1451846361160278e-01</leafValues></_>
        <_>
          <internalNodes>
            0 -1 0 -2.8539288789033890e-02</internalNodes>
          <leafValues>
            -9.4027990102767944e-01 2.8137537837028503e-01</leafValues></_>
        <_>
          <internalNodes>
            0 -1 45 -7.7054863795638084e-03</internalNodes>
          <leafValues>
            2.6140064001083374e-01 -9.7771853208541870e-01</leafValues></_>
        <_>
          <internalNodes>
            0 -1 11 -2.8650324791669846e-02</internalNodes>
          <leafValues>
            5.9487396478652954e-01 -4.7953709959983826e-01</leafValues></_>
        <_>
          <internalNodes>
            0 -1 46 -8.9956866577267647e-03</internalNodes>
          <leafValues>
            3.4764963388442993e-01 -8.8816994428634644e-01</leafValues></_></weakClassifiers></_>
    <!-- stage 6 -->
    <_>
      <maxWeakCount>9</maxWeakCount>
      <stageThreshold>-2.2919330596923828e+00</stageThreshold>
      <weakClassifiers>
        <_>
          <internalNodes>
            0 -1 38 -9.9382773041725159e-03</internalNodes>
          <leafValues>
            3.7260901927947998e-01 -8.7832248210906982e-01</leafValues></_>
        <_>
          <internalNodes>
            0 -1 33 -4.3355748057365417e-02</internalNodes>
          <leafValues>
            3.1159350275993347e-01 -8.0358231067657471e-01</leafValues></_>
        <_>
          <internalNodes>
            0 -1 8 7.6730162836611271e-03</internalNodes>
          <leafValues>
            -6.2001734972000122e-01 4.4744294881820679e-01</leafValues></_>
        <_>
          <internalNodes>
            0 -1 4 1.7259581387042999e-01</internalNodes>
          <leafValues>
            -7.8444343805313110e-01 3.8977000117301941e-01</leafValues></_>
        <_>
          <internalNodes>
            0 -1 55 -2.7903154492378235e-02</internalNodes>
          <leafValues>
            -8.5871911048889160e-01 3.1271484494209290e-01</leafValues></_>
        <_>
          <internalNodes>
            0 -1 28 -3.2144790887832642e-01</internalNodes>
          <leafValues>
            3.1633237004280090e-01 -7.3510515689849854e-01</leafValues></_>
        <_>
          <internalNodes>
            0 -1 53 -2.0620229188352823e-03</internalNodes>
          <leafValues>
            2.7386996150016785e-01 -8.5852539539337158e-01</leafValues></_>
        <_>
          <internalNodes>
            0 -1 32 -7.7271252870559692e-02</internalNodes>
          <leafValues>
            -4.6355131268501282e-01 4.9734514951705933e-01</leafValues></_>
        <_>
          <internalNodes>
            0 -1 6 2.2144152317196131e-03</internalNodes>
          <leafValues>
            -6.3914442062377930e-01 3.5228708386421204e-01</leafValues></_></weakClassifiers></_>
    <!-- stage 7 -->
    <_>
      <maxWeakCount>7</maxWeakCount>
      <stageThreshold>-1.1687425374984741e+00</stageThreshold>
      <weakClassifiers>
        <_>
          <internalNodes>
            0 -1 21 -1.3558593392372131e-01</internalNodes>
          <leafValues>
            5.3665691614151001e-01 -7.8351038694381714e-01</leafValues></_>
        <_>
          <internalNodes>
            0 -1 19 1.2030998617410660e-01</internalNodes>
          <leafValues>
            -4.8025748133659363e-01 8.0597621202468872e-01</leafValues></_>
        <_>
          <internalNodes>
            0 -1 39 -2.4255956523120403e-03</internalNodes>
          <leafValues>
            4.5913535356521606e-01 -7.7120369672775269e-01</leafValues></_>
        <_>
          <internalNodes>
            0 -1 30 -1.1644338071346283e-01</internalNodes>
          <leafValues>
            3.5715335607528687e-01 -9.2353540658950806e-01</leafValues></_>
        <_>
          <internalNodes>
            0 -1 17 1.6046032309532166e-01</internalNodes>
          <leafValues>
            -4.6546080708503723e-01 8.2769000530242920e-01</leafValues></_>
        <_>
          <internalNodes>
            0 -1 49 -4.7831702977418900e-02</internalNodes>
          <leafValues>
            -9.2644494771957397e-01 3.6149826645851135e-01</leafValues></_>
        <_>
          <internalNodes>
            0 -1 27 -1.1623631231486797e-02</internalNodes>
          <leafValues>
            6.6338789463043213e-01 -5.0073421001434326e-01</leafValues></_></weakClassifiers></_>
    <!-- stage 8 -->
    <_>
      <maxWeakCount>2</maxWeakCount>
      <stageThreshold>-5.7898712158203125e-01</stageThreshold>
      <weakClassifiers>
        <_>
          <internalNodes>
            0 -1 10 8.2319140434265137e-02</internalNodes>
          <leafValues>
            -8.5647428035736084e-01 6.0074281692504883e-01</leafValues></_>
        <_>
          <internalNodes>
            0 -1 16 -1.6305066645145416e-02</internalNodes>
          <leafValues>
            2.7748712897300720e-01 -9.9220126867294312e-01</leafValues></_></weakClassifiers></_>
    <!-- stage 9 -->
    <_>
      <maxWeakCount>11</maxWeakCount>
      <stageThreshold>-2.0680272579193115e+00</stageThreshold>
      <weakClassifiers>
        <_>
          <internalNodes>
            0 -1 44 -7.9648327082395554e-03</internalNodes>
          <leafValues>
            3.1112685799598694e-01 -9.0560102462768555e-01</leafValues></_>
        <_>
          <internalNodes>
            0 -1 36 6.6700167953968048e-03</internalNodes>
          <leafValues>
            -7.9759621620178223e-01 2.8508201241493225e-01</leafValues></_>
        <_>
          <internalNodes>
            0 -1 2 1.5019136667251587e-01</internalNodes>
          <leafValues>
            -9.2249959707260132e-01 2.4630910158157349e-01</leafValues></_>
        <_>
          <internalNodes>
            0 -1 52 -9.8310958128422499e-04</internalNodes>
          <leafValues>
            2.8803876042366028e-01 -8.4264671802520752e-01</leafValues></_>
        <_>
          <internalNodes>
            0 -1 22 -1.5739795565605164e-01</internalNodes>
          <leafValues>
            3.9797496795654297e-01 -5.4648321866989136e-01</leafValues></_>
        <_>
          <internalNodes>
            0 -1 1 -1.7895365133881569e-02</internalNodes>
          <leafValues>
            -8.1484425067901611e-01 3.2191097736358643e-01</leafValues></_>
        <_>
          <internalNodes>
            0 -1 31 9.8017114214599133e-04</internalNodes>
          <leafValues>
            -6.2894225120544434e-01 3.3901593089103699e-01</leafValues></_>
        <_>
          <internalNodes>
            0 -1 54 5.4562749573960900e-04</internalNodes>
          <leafValues>
            2.2903636097908020e-01 -7.7116328477859497e-01</leafValues></_>
        <_>
          <internalNodes>
            0 -1 25 -5.2704177796840668e-02</internalNodes>
          <leafValues>
            4.6412140130996704e-01 -4.8750507831573486e-01</leafValues></_>
        <_>
          <internalNodes>
            0 -1 41 -5.8639938943088055e-03</internalNodes>
          <leafValues>
            2.9381540417671204e-01 -5.7628697156906128e-01</leafValues></_>
        <_>
          <internalNodes>
            0 -1 35 -1.1675278656184673e-03</internalNodes>
          <leafValues>
            1.6784755885601044e-01 -8.2788163423538208e-01</leafValues></_></weakClassifiers></_>
    <!-- stage 10 -->
    <_>
      <maxWeakCount>6</maxWeakCount>
      <stageThreshold>-1.5118713378906250e+00</stageThreshold>
      <weakClassifiers>
        <_>
          <internalNodes>
            0 -1 24 -1.2037146836519241e-02</internalNodes>
          <leafValues>
            5.4389142990112305e-01 -8.4485489130020142e-01</leafValues></_>
        <_>
          <internalNodes>
            0 -1 47 -3.8308784365653992e-02</internalNodes>
          <leafValues>
            2.9493710398674011e-01 -9.2637711763381958e-01</leafValues></_>
        <_>
          <internalNodes>
            0 -1 13 -7.3675755411386490e-03</internalNodes>
          <leafValues>
            4.0864884853363037e-01 -7.9736053943634033e-01</leafValues></_>
        <_>
          <internalNodes>
            0 -1 37 -5.8074155822396278e-03</internalNodes>
          <leafValues>
            5.0145727396011353e-01 -6.4586484432220459e-01</leafValues></_>
        <_>
          <internalNodes>
            0 -1 9 -7.3099508881568909e-03</internalNodes>
          <leafValues>
            -9.8884755373001099e-01 2.7174434065818787e-01</leafValues></_>
        <_>
          <internalNodes>
            0 -1 12 2.9784250259399414e-01</internalNodes>
          <leafValues>
            2.2483238577842712e-01 -9.1655176877975464e-01</leafValues></_></weakClassifiers></_></stages>
  <features>
    <_>
      <rects>
        <_>
          0 0 3 1 -1.</_>
        <_>
          1 0 1 1 2.</_></rects>
      <tilted>0</tilted></_>
    <_>
      <rects>
        <_>
          0 0 1 10 -1.</_>
        <_>
          0 5 1 5 2.</_></rects>
      <tilted>0</tilted></_>
    <_>
      <rects>
        <_>
          0 0 4 9 -1.</_>
        <_>
          2 0 2 9 2.</_></rects>
      <tilted>0</tilted></_>
    <_>
      <rects>
        <_>
          0 0 3 6 -1.</_>
        <_>
          0 3 3 3 2.</_></rects>
      <tilted>0</tilted></_>
    <_>
      <rects>
        <_>
          0 0 6 10 -1.</_>
        <_>
          3 0 3 10 2.</_></rects>
      <tilted>0</tilted></_>
    <_>
      <rects>
        <_>
          0 1 4 8 -1.</_>
        <_>
          2 1 2 8 2.</_></rects>
      <tilted>0</tilted></_>
    <_>
      <rects>
        <_>
          0 1 4 2 -1.</_>
        <_>
          0 2 4 1 2.</_></rects>
      <tilted>0</tilted></_>
    <_>
      <rects>
        <_>
          0 2 4 4 -1.</_>
        <_>
          2 2 2 4 2.</_></rects>
      <tilted>0</tilted></_>
    <_>
      <rects>
        <_>
          0 2 3 2 -1.</_>
        <_>
          0 3 3 1 2.</_></rects>
      <tilted>0</tilted></_>
    <_>
      <rects>
        <_>
          0 3 2 7 -1.</_>
        <_>
          1 3 1 7 2.</_></rects>
      <tilted>0</tilted></_>
    <_>
      <rects>
        <_>
          0 3 6 6 -1.</_>
        <_>
          0 3 3 3 2.</_>
        <_>
          3 6 3 3 2.</_></rects>
      <tilted>0</tilted></_>
    <_>
      <rects>
        <_>
          0 4 2 6 -1.</_>
        <_>
          0 4 1 3 2.</_>
        <_>
          1 7 1 3 2.</_></rects>
      <tilted>0</tilted></_>
    <_>
      <rects>
        <_>
          0 5 6 5 -1.</_>
        <_>
          3 5 3 5 2.</_></rects>
      <tilted>0</tilted></_>
    <_>
      <rects>
        <_>
          0 6 3 2 -1.</_>
        <_>
          0 7 3 1 2.</_></rects>
      <tilted>0</tilted></_>
    <_>
      <rects>
        <_>
          0 7 6 2 -1.</_>
        <_>
          0 8 6 1 2.</_></rects>
      <tilted>0</tilted></_>
    <_>
      <rects>
        <_>
          0 8 9 2 -1.</_>
        <_>
          3 8 3 2 2.</_></rects>
      <tilted>0</tilted></_>
    <_>
      <rects>
        <_>
          0 9 6 1 -1.</_>
        <_>
          2 9 2 1 2.</_></rects>
      <tilted>0</tilted></_>
    <_>
      <rects>
        <_>
          1 0 3 6 -1.</_>
        <_>
          1 3 3 3 2.</_></rects>
      <tilted>0</tilted></_>
    <_>
      <rects>
        <_>
          1 3 4 6 -1.</_>
        <_>
          1 3 2 3 2.</_>
        <_>
          3 6 2 3 2.</_></rects>
      <tilted>0</tilted></_>
    <_>
      <rects>
        <_>
          1 3 8 5 -1.</_>
        <_>
          5 3 4 5 2.</_></rects>
      <tilted>0</tilted></_>
    <_>
      <rects>
        <_>
          1 4 8 3 -1.</_>
        <_>
          1 5 8 1 2.</_></rects>
      <tilted>0</tilted></_>
    <_>
      <rects>
        <_>
          1 6 4 4 -1.</_>
        <_>
          1 8 4 2 2.</_></rects>
      <tilted>0</tilted></_>
    <_>
      <rects>
        <_>
          1 6 5 4 -1.</_>
        <_>
          1 8 5 2 2.</_></rects>
      <tilted>0</tilted></_>
    <_>
      <rects>
        <_>
          1 7 3 2 -1.</_>
        <_>
          1 8 3 1 2.</_></rects>
      <tilted>0</tilted></_>
    <_>
      <rects>
        <_>
          1 8 4 2 -1.</_>
        <_>
          1 8 2 1 2.</_>
        <_>
          3 9 2 1 2.</_></rects>
      <tilted>0</tilted></_>
    <_>
      <rects>
        <_>
          2 0 4 6 -1.</_>
        <_>
          2 0 2 3 2.</_>
        <_>
          4 3 2 3 2.</_></rects>
      <tilted>0</tilted></_>
    <_>
      <rects>
        <_>
          2 1 4 4 -1.</_>
        <_>
          2 1 2 2 2.</_>
        <_>
          4 3 2 2 2.</_></rects>
      <tilted>0</tilted></_>
    <_>
      <rects>
        <_>
          2 3 4 2 -1.</_>
        <_>
          2 3 2 1 2.</_>
        <_>
          4 4 2 1 2.</_></rects>
      <tilted>0</tilted></_>
    <_>
      <rects>
        <_>
          2 3 6 4 -1.</_>
        <_>
          4 3 2 4 2.</_></rects>
      <tilted>0</tilted></_>
    <_>
      <rects>
        <_>
          2 5 2 4 -1.</_>
        <_>
          2 5 1 2 2.</_>
        <_>
          3 7 1 2 2.</_></rects>
      <tilted>0</tilted></_>
    <_>
      <rects>
        <_>
          3 3 4 3 -1.</_>
        <_>
          3 4 4 1 2.</_></rects>
      <tilted>0</tilted></_>
    <_>
      <rects>
        <_>
          4 0 4 2 -1.</_>
        <_>
          4 1 4 1 2.</_></rects>
      <tilted>0</tilted></_>
    <_>
      <rects>
        <_>
          4 4 2 6 -1.</_>
        <_>
          4 6 2 2 2.</_></rects>
      <tilted>0</tilted></_>
    <_>
      <rects>
        <_>
          4 4 6 4 -1.</_>
        <_>
          4 4 3 2 2.</_>
        <_>
          7 6 3 2 2.</_></rects>
      <tilted>0</tilted></_>
    <_>
      <rects>
        <_>
          4 8 2 2 -1.</_>
        <_>
          4 9 2 1 2.</_></rects>
      <tilted>0</tilted></_>
    <_>
      <rects>
        <_>
          4 8 4 2 -1.</_>
        <_>
          6 8 2 2 2.</_></rects>
      <tilted>0</tilted></_>
    <_>
      <rects>
        <_>
          5 0 2 6 -1.</_>
        <_>
          5 0 1 3 2.</_>
        <_>
          6 3 1 3 2.</_></rects>
      <tilted>0</tilted></_>
    <_>
      <rects>
        <_>
          5 4 2 4 -1.</_>
        <_>
          5 4 1 2 2.</_>
        <_>
          6 6 1 2 2.</_></rects>
      <tilted>0</tilted></_>
    <_>
      <rects>
        <_>
          5 8 1 2 -1.</_>
        <_>
          5 9 1 1 2.</_></rects>
      <tilted>0</tilted></_>
    <_>
      <rects>
        <_>
          5 8 2 2 -1.</_>
        <_>
          6 8 1 2 2.</_></rects>
      <tilted>0</tilted></_>
    <_>
      <rects>
        <_>
          5 8 4 2 -1.</_>
        <_>
          5 8 2 1 2.</_>
        <_>
          7 9 2 1 2.</_></rects>
      <tilted>0</tilted></_>
    <_>
      <rects>
        <_>
          6 0 2 5 -1.</_>
        <_>
          7 0 1 5 2.</_></rects>
      <tilted>0</tilted></_>
    <_>
      <rects>
        <_>
          6 1 4 8 -1.</_>
        <_>
          8 1 2 8 2.</_></rects>
      <tilted>0</tilted></_>
    <_>
      <rects>
        <_>
          6 1 4 9 -1.</_>
        <_>
          8 1 2 9 2.</_></rects>
      <tilted>0</tilted></_>
    <_>
      <rects>
        <_>
          6 5 2 4 -1.</_>
        <_>
          6 5 1 2 2.</_>
        <_>
          7 7 1 2 2.</_></rects>
      <tilted>0</tilted></_>
    <_>
      <rects>
        <_>
          6 9 3 1 -1.</_>
        <_>
          7 9 1 1 2.</_></rects>
      <tilted>0</tilted></_>
    <_>
      <rects>
        <_>
          7 0 2 5 -1.</_>
        <_>
          8 0 1 5 2.</_></rects>
      <tilted>0</tilted></_>
    <_>
      <rects>
        <_>
          7 0 2 9 -1.</_>
        <_>
          8 0 1 9 2.</_></rects>
      <tilted>0</tilted></_>
    <_>
      <rects>
        <_>
          7 0 3 6 -1.</_>
        <_>
          7 3 3 3 2.</_></rects>
      <tilted>0</tilted></_>
    <_>
      <rects>
        <_>
          7 5 3 1 -1.</_>
        <_>
          8 5 1 1 2.</_></rects>
      <tilted>0</tilted></_>
    <_>
      <rects>
        <_>
          7 6 3 2 -1.</_>
        <_>
          7 7 3 1 2.</_></rects>
      <tilted>0</tilted></_>
    <_>
      <rects>
        <_>
          8 0 2 6 -1.</_>
        <_>
          8 0 1 3 2.</_>
        <_>
          9 3 1 3 2.</_></rects>
      <tilted>0</tilted></_>
    <_>
      <rects>
        <_>
          8 5 2 4 -1.</_>
        <_>
          8 7 2 2 2.</_></rects>
      <tilted>0</tilted></_>
    <_>
      <rects>
        <_>
          8 6 2 4 -1.</_>
        <_>
          9 6 1 4 2.</_></rects>
      <tilted>0</tilted></_>
    <_>
      <rects>
        <_>
          8 8 2 2 -1.</_>
        <_>
          9 8 1 2 2.</_></rects>
      <tilted>0</tilted></_>
    <_>
      <rects>
        <_>
          9 0 1 3 -1.</_>
        <_>
          9 1 1 1 2.</_></rects>
      <tilted>0</tilted></_></features></cascade>
</opencv_storage>
